{
  "cube": {
    "tag": "C01_t0218",
    "t": 218,
    "x": [
      641,
      960
    ],
    "y": [
      641,
      960
    ],
    "z": [
      641,
      960
    ]
  },
  "raw_files": {
    "velocity": "/home/idies/workspace/Storage/elenceq/mhd_work/jhtdb_mhd1024/raw/mhd1024_velocity_t0218_x641-960_y641-960_z641-960.npy",
    "magneticfield": "/home/idies/workspace/Storage/elenceq/mhd_work/jhtdb_mhd1024/raw/mhd1024_magneticfield_t0218_x641-960_y641-960_z641-960.npy"
  },
  "scales": [
    32,
    40,
    48,
    64,
    80,
    96,
    128,
    160,
    192
  ],
  "phis": [
    0.0,
    0.39269908169872414,
    0.7853981633974483,
    1.1780972450961724,
    1.5707963267948966,
    1.9634954084936207,
    2.356194490192345,
    2.748893571891069
  ],
  "top_fraction": 0.1,
  "surrogate_n_bins": 10,
  "n_sample_common_per_phi": 30000,
  "random_unsigned_3d_baseline_deg": 57.29577951308232,
  "mean_all_deg": [
    49.32814991393003,
    49.4257336691419,
    49.373259421934655,
    49.296059477466144,
    49.29262182378347,
    48.85297295527374,
    48.56158701768589,
    48.68832287667765,
    48.99787422823249
  ],
  "mean_A_deg": [
    38.44191269068197,
    38.38537793143452,
    37.716810262430876,
    37.32714384051123,
    36.46715267646615,
    35.60815236649039,
    34.81435839660643,
    34.89628231092503,
    35.621100552994626
  ],
  "mean_J_deg": [
    49.73691216227623,
    50.071099572432345,
    50.05005952750834,
    49.58627108142589,
    49.38258614959439,
    49.11201528330626,
    49.252593147716,
    49.47728665046948,
    49.60393681288473
  ],
  "mean_all_phi_deg": [
    49.32814991393003,
    49.4257336691419,
    49.373259421934655,
    49.296059477466144,
    49.29262182378347,
    48.85297295527374,
    48.56158701768589,
    48.68832287667765,
    48.99787422823249
  ],
  "mean_A_phi_deg": [
    38.44191269068197,
    38.38537793143452,
    37.716810262430876,
    37.32714384051123,
    36.46715267646615,
    35.60815236649039,
    34.81435839660643,
    34.89628231092503,
    35.621100552994626
  ],
  "mean_J_phi_deg": [
    49.73691216227623,
    50.071099572432345,
    50.05005952750834,
    49.58627108142589,
    49.38258614959439,
    49.11201528330626,
    49.252593147716,
    49.47728665046948,
    49.60393681288473
  ],
  "pearson_c": [
    [
      1.0,
      0.6739118921031438,
      0.5002025406069575,
      0.35932347927163033,
      0.30561000613988804,
      0.27186630417233854,
      0.23069844558833655,
      0.20126622701759084,
      0.18036579917120604
    ],
    [
      0.6739118921031441,
      1.0,
      0.7050984864077601,
      0.45713479813818336,
      0.3682581459330253,
      0.32593208904658943,
      0.27140155935283594,
      0.23613424069109784,
      0.20737206785090181
    ],
    [
      0.5002025406069575,
      0.7050984864077601,
      1.0,
      0.5770020144194342,
      0.43720057615857244,
      0.37564182312962796,
      0.3097931303526543,
      0.2673694455356265,
      0.23043524096891568
    ],
    [
      0.35932347927163033,
      0.45713479813818336,
      0.5770020144194341,
      1.0,
      0.6200488234397121,
      0.4834069938174963,
      0.37827836934334624,
      0.31955927504311366,
      0.26704939694318347
    ],
    [
      0.30561000613988804,
      0.3682581459330253,
      0.4372005761585724,
      0.6200488234397121,
      1.0,
      0.6481081699275621,
      0.4559948921544844,
      0.37192535648124825,
      0.30449616590806367
    ],
    [
      0.27186630417233854,
      0.32593208904658943,
      0.37564182312962796,
      0.4834069938174963,
      0.6481081699275621,
      1.0,
      0.5435887284346451,
      0.4271739795380346,
      0.3400271849828869
    ],
    [
      0.23069844558833658,
      0.27140155935283594,
      0.3097931303526543,
      0.3782783693433463,
      0.4559948921544844,
      0.5435887284346451,
      1.0,
      0.5593576838232691,
      0.428323472466046
    ],
    [
      0.20126622701759084,
      0.23613424069109784,
      0.2673694455356265,
      0.31955927504311366,
      0.3719253564812482,
      0.42717397953803454,
      0.559357683823269,
      1.0,
      0.5555903079272458
    ],
    [
      0.180365799171206,
      0.20737206785090181,
      0.23043524096891568,
      0.26704939694318347,
      0.30449616590806367,
      0.3400271849828869,
      0.428323472466046,
      0.5555903079272458,
      1.0
    ]
  ],
  "pearson_s": [
    [
      1.0,
      0.48693239627165963,
      0.2880722310054275,
      0.1539708037203179,
      0.10434238301607758,
      0.07405210495454351,
      0.042134053902393595,
      0.028485745360138814,
      0.02070580452776065
    ],
    [
      0.4869323962716595,
      1.0,
      0.513196357196788,
      0.23094929346812315,
      0.14500337242243155,
      0.10339294744855612,
      0.06243979592721075,
      0.04004518755328014,
      0.025970854916459972
    ],
    [
      0.28807223100542756,
      0.513196357196788,
      1.0,
      0.3419908824728475,
      0.19690603328388298,
      0.13705656490231305,
      0.08290760685488888,
      0.055823373918004696,
      0.033945932188223234
    ],
    [
      0.1539708037203179,
      0.23094929346812315,
      0.3419908824728475,
      1.0,
      0.37907077107233106,
      0.2297365294635963,
      0.1284634388666317,
      0.08240360383128073,
      0.048778824727225584
    ],
    [
      0.10434238301607757,
      0.14500337242243153,
      0.19690603328388298,
      0.37907077107233106,
      1.0,
      0.4039787772226031,
      0.18357980081971448,
      0.11231369922836291,
      0.06541946995122833
    ],
    [
      0.07405210495454351,
      0.10339294744855612,
      0.13705656490231305,
      0.2297365294635963,
      0.4039787772226031,
      1.0,
      0.2646608043806632,
      0.14904064811512105,
      0.08784655085602101
    ],
    [
      0.04213405390239359,
      0.06243979592721076,
      0.08290760685488888,
      0.1284634388666317,
      0.18357980081971448,
      0.2646608043806632,
      0.9999999999999999,
      0.2754491996388358,
      0.151290742452401
    ],
    [
      0.028485745360138814,
      0.04004518755328014,
      0.055823373918004696,
      0.08240360383128073,
      0.11231369922836291,
      0.14904064811512105,
      0.2754491996388358,
      1.0,
      0.27919122366784177
    ],
    [
      0.02070580452776065,
      0.02597085491645997,
      0.033945932188223234,
      0.04877882472722558,
      0.06541946995122833,
      0.08784655085602101,
      0.151290742452401,
      0.27919122366784177,
      0.9999999999999999
    ]
  ],