{
  "cube": {
    "tag": "C02_t0553",
    "t": 553,
    "x": [
      321,
      640
    ],
    "y": [
      641,
      960
    ],
    "z": [
      321,
      640
    ]
  },
  "raw_files": {
    "velocity": "/home/idies/workspace/Storage/elenceq/mhd_work/jhtdb_mhd1024/raw/mhd1024_velocity_t0553_x321-640_y641-960_z321-640.npy",
    "magneticfield": "/home/idies/workspace/Storage/elenceq/mhd_work/jhtdb_mhd1024/raw/mhd1024_magneticfield_t0553_x321-640_y641-960_z321-640.npy"
  },
  "scales": [
    32,
    40,
    48,
    64,
    80,
    96,
    128,
    160,
    192
  ],
  "phis": [
    0.0,
    0.39269908169872414,
    0.7853981633974483,
    1.1780972450961724,
    1.5707963267948966,
    1.9634954084936207,
    2.356194490192345,
    2.748893571891069
  ],
  "top_fraction": 0.1,
  "surrogate_n_bins": 10,
  "n_sample_common_per_phi": 30000,
  "random_unsigned_3d_baseline_deg": 57.29577951308232,
  "mean_all_deg": [
    48.88915041462618,
    49.08598488477327,
    49.13633366016673,
    49.50553539779386,
    49.44303624826381,
    49.290432581335736,
    49.00871655454682,
    49.27352997244015,
    49.409010251038026
  ],
  "mean_A_deg": [
    32.5108639232932,
    31.94310122506822,
    31.655128752313846,
    31.631084117053398,
    31.167424731565973,
    31.234027973719492,
    31.906260290521924,
    33.485395952933935,
    34.393605031632255
  ],
  "mean_J_deg": [
    49.273315202258495,
    50.277100549681414,
    50.55592247018495,
    51.094438694146504,
    50.70488002459828,
    50.37332377256369,
    50.04025912254828,
    50.06575775280942,
    50.26722419927678
  ],
  "mean_all_phi_deg": [
    48.88915041462618,
    49.08598488477327,
    49.13633366016673,
    49.50553539779386,
    49.44303624826381,
    49.290432581335736,
    49.00871655454682,
    49.27352997244015,
    49.409010251038026
  ],
  "mean_A_phi_deg": [
    32.5108639232932,
    31.94310122506822,
    31.655128752313846,
    31.631084117053398,
    31.167424731565973,
    31.234027973719492,
    31.906260290521924,
    33.485395952933935,
    34.393605031632255
  ],
  "mean_J_phi_deg": [
    49.273315202258495,
    50.277100549681414,
    50.55592247018495,
    51.094438694146504,
    50.70488002459828,
    50.37332377256369,
    50.04025912254828,
    50.06575775280942,
    50.26722419927678
  ],
  "pearson_c": [
    [
      1.0,
      0.6638687726746475,
      0.4908979430699424,
      0.34488302919163905,
      0.2823921900582486,
      0.25410033909662505,
      0.2208494242793596,
      0.20261405127836102,
      0.19450792323718266
    ],
    [
      0.6638687726746475,
      1.0,
      0.6892276181023937,
      0.43667336674918533,
      0.3461127768056133,
      0.3003225616827596,
      0.25378765636809497,
      0.23226016935720806,
      0.22207552039598838
    ],
    [
      0.4908979430699424,
      0.6892276181023937,
      1.0,
      0.5507409271458582,
      0.41033226599243766,
      0.34496204751278,
      0.28343693659668856,
      0.2570385934974051,
      0.2416254484129423
    ],
    [
      0.34488302919163893,
      0.4366733667491853,
      0.5507409271458583,
      1.0,
      0.5838861848836664,
      0.44548741903289085,
      0.33986192563068846,
      0.2899816692975311,
      0.26634520483511315
    ],
    [
      0.28239219005824867,
      0.3461127768056133,
      0.41033226599243766,
      0.5838861848836664,
      1.0,
      0.6094385494574078,
      0.4082238841419228,
      0.32533957554870074,
      0.2877522911912536
    ],
    [
      0.25410033909662505,
      0.3003225616827596,
      0.3449620475127799,
      0.44548741903289085,
      0.6094385494574078,
      1.0,
      0.4987121334465185,
      0.3699998931950912,
      0.3110313547467798
    ],
    [
      0.2208494242793596,
      0.25378765636809497,
      0.28343693659668856,
      0.33986192563068846,
      0.4082238841419228,
      0.49871213344651855,
      1.0,
      0.5184590065544915,
      0.38198136497941537
    ],
    [
      0.20261405127836102,
      0.23226016935720803,
      0.25703859349740515,
      0.2899816692975311,
      0.32533957554870074,
      0.3699998931950911,
      0.5184590065544915,
      1.0,
      0.5117154275900817
    ],
    [
      0.19450792323718263,
      0.22207552039598838,
      0.24162544841294228,
      0.2663452048351132,
      0.2877522911912536,
      0.3110313547467797,
      0.38198136497941537,
      0.5117154275900816,
      1.0
    ]
  ],
  "pearson_s": [
    [
      0.9999999999999999,
      0.49683824875913013,
      0.3160679520318964,
      0.1821100500513394,
      0.12720913031858685,
      0.096669186299749,
      0.06524878052681282,
      0.05155783573620518,
      0.04477434528060172
    ],
    [
      0.49683824875913013,
      1.0,
      0.5218769323906288,
      0.25726048300574855,
      0.17325567611479892,
      0.1300671564237121,
      0.08233268411007957,
      0.06594159127290003,
      0.058496306341288835
    ],
    [
      0.3160679520318964,
      0.5218769323906288,
      1.0,
      0.35840976979480665,
      0.22265065100189102,
      0.163454102954305,
      0.10362706337682845,
      0.08116697518389933,
      0.07029915218514393
    ],
    [
      0.1821100500513394,
      0.25726048300574855,
      0.35840976979480665,
      1.0,
      0.38327605675176957,
      0.23986502375541127,
      0.13918319757618605,
      0.10057303044234403,
      0.08267939709833892
    ],
    [
      0.12720913031858685,
      0.17325567611479892,
      0.22265065100189102,
      0.38327605675176957,
      1.0,
      0.39862217465204647,
      0.1896073015254186,
      0.11710170911504736,
      0.09473521962075723
    ],
    [
      0.096669186299749,
      0.1300671564237121,
      0.163454102954305,
      0.23986502375541122,
      0.39862217465204647,
      1.0,
      0.26630557084395107,
      0.1510583729616623,
      0.10737520806913164
    ],
    [
      0.06524878052681282,
      0.08233268411007956,
      0.10362706337682846,
      0.13918319757618605,
      0.1896073015254186,
      0.26630557084395107,
      1.0,
      0.26580660757855423,
      0.14511618461311857
    ],
    [
      0.0515578357362052,
      0.06594159127290002,
      0.08116697518389933,
      0.10057303044234403,
      0.11710170911504736,
      0.1510583729616623,
      0.2658066075785543,
      1.0,
      0.25666059583180306
    ],
    [
      0.04477434528060172,
      0.058496306341288835,
      0.07029915218514393,
      0.08267939709833892,
      0.09473521962075726,
      0.10737520806913164,
      0.14511618461311857,
      0.25666059583180306,
      1.0
    ]
  ],