{
  "cube": {
    "tag": "C03_t0825",
    "t": 825,
    "x": [
      641,
      960
    ],
    "y": [
      641,
      960
    ],
    "z": [
      1,
      320
    ]
  },
  "raw_files": {
    "velocity": "/home/idies/workspace/Storage/elenceq/mhd_work/jhtdb_mhd1024/raw/mhd1024_velocity_t0825_x641-960_y641-960_z1-320.npy",
    "magneticfield": "/home/idies/workspace/Storage/elenceq/mhd_work/jhtdb_mhd1024/raw/mhd1024_magneticfield_t0825_x641-960_y641-960_z1-320.npy"
  },
  "scales": [
    32,
    40,
    48,
    64,
    80,
    96,
    128,
    160,
    192
  ],
  "phis": [
    0.0,
    0.39269908169872414,
    0.7853981633974483,
    1.1780972450961724,
    1.5707963267948966,
    1.9634954084936207,
    2.356194490192345,
    2.748893571891069
  ],
  "top_fraction": 0.1,
  "surrogate_n_bins": 10,
  "n_sample_common_per_phi": 30000,
  "random_unsigned_3d_baseline_deg": 57.29577951308232,
  "mean_all_deg": [
    49.86281956759791,
    50.00480466838171,
    50.05238464728294,
    49.97250368131857,
    49.918598075467195,
    49.789550570875804,
    49.62258698439268,
    50.146534921533835,
    50.857322770432056
  ],
  "mean_A_deg": [
    36.5136715964778,
    35.52129239447456,
    34.80534999440069,
    33.9881843298587,
    33.540992315618524,
    33.78756335990281,
    35.84371500671733,
    38.51289169459445,
    40.218958677091614
  ],
  "mean_J_deg": [
    50.56959164739572,
    50.67874092668231,
    50.76600525125701,
    50.90160714970196,
    50.90297900632859,
    50.837639554362326,
    50.62219887230105,
    50.98938166038396,
    51.19755206216322
  ],
  "mean_all_phi_deg": [
    49.86281956759791,
    50.00480466838171,
    50.05238464728294,
    49.97250368131857,
    49.918598075467195,
    49.789550570875804,
    49.62258698439268,
    50.146534921533835,
    50.857322770432056
  ],
  "mean_A_phi_deg": [
    36.5136715964778,
    35.52129239447456,
    34.80534999440069,
    33.9881843298587,
    33.540992315618524,
    33.78756335990281,
    35.84371500671733,
    38.51289169459445,
    40.218958677091614
  ],
  "mean_J_phi_deg": [
    50.56959164739572,
    50.67874092668231,
    50.76600525125701,
    50.90160714970196,
    50.90297900632859,
    50.837639554362326,
    50.62219887230105,
    50.98938166038396,
    51.19755206216322
  ],
  "pearson_c": [
    [
      1.0,
      0.6750394087123631,
      0.4966284715258369,
      0.3535005963646756,
      0.29157190229125013,
      0.25104745847278176,
      0.20098128479239263,
      0.1631717223368026,
      0.1379073935225821
    ],
    [
      0.6750394087123631,
      1.0,
      0.7026878656803199,
      0.4540800290190587,
      0.36173330461214864,
      0.30856872126522505,
      0.24077702140245455,
      0.19271347723318044,
      0.15583308148046474
    ],
    [
      0.4966284715258369,
      0.7026878656803199,
      1.0,
      0.5788012515535136,
      0.4354696713361322,
      0.3684421234135796,
      0.2798760128535534,
      0.22042485852821359,
      0.17409934125760865
    ],
    [
      0.35350059636467557,
      0.4540800290190587,
      0.5788012515535136,
      1.0,
      0.6160271077198572,
      0.476709997970507,
      0.35261425804862934,
      0.272458745924442,
      0.20808672648406945
    ],
    [
      0.2915719022912501,
      0.36173330461214864,
      0.4354696713361322,
      0.6160271077198572,
      1.0,
      0.6396683742905992,
      0.4237007481549775,
      0.322449494065058,
      0.240383104418103
    ],
    [
      0.25104745847278176,
      0.30856872126522505,
      0.3684421234135796,
      0.47670999797050695,
      0.6396683742905992,
      1.0,
      0.50784483173126,
      0.3749681998470893,
      0.2782063356207613
    ],
    [
      0.2009812847923926,
      0.24077702140245455,
      0.27987601285355346,
      0.35261425804862934,
      0.4237007481549775,
      0.5078448317312602,
      1.0,
      0.5026917637019416,
      0.3644033027367216
    ],
    [
      0.1631717223368026,
      0.1927134772331804,
      0.22042485852821359,
      0.2724587459244421,
      0.322449494065058,
      0.3749681998470893,
      0.5026917637019416,
      0.9999999999999999,
      0.49939317507966596
    ],
    [
      0.1379073935225821,
      0.15583308148046474,
      0.17409934125760865,
      0.20808672648406948,
      0.240383104418103,
      0.27820633562076136,
      0.3644033027367216,
      0.49939317507966596,
      1.0
    ]
  ],
  "pearson_s": [
    [
      1.0,
      0.49080354629572487,
      0.29195788739228884,
      0.16133838412715873,
      0.10931099286617527,
      0.07701545459395795,
      0.036783358486033445,
      0.01682039469626642,
      0.008102567073162828
    ],
    [
      0.4908035462957248,
      1.0,
      0.5160570349968888,
      0.23033339281985898,
      0.15244346130713682,
      0.10723840807526797,
      0.055246527577048024,
      0.028194657062158443,
      0.014263143016804942
    ],
    [
      0.29195788739228884,
      0.5160570349968888,
      1.0,
      0.3475782747891025,
      0.2072036311391898,
      0.14688672101669165,
      0.07445837585960587,
      0.036699713284129076,
      0.01635898507401943
    ],
    [
      0.16133838412715873,
      0.23033339281985898,
      0.3475782747891025,
      1.0,
      0.3861179324342921,
      0.23556655560480794,
      0.12072258136402882,
      0.06297887998773982,
      0.02968553841131912
    ],
    [
      0.10931099286617527,
      0.15244346130713685,
      0.20720363113918977,
      0.3861179324342921,
      1.0,
      0.41088107504558,
      0.17843923552743343,
      0.09316255811747196,
      0.047545280628051134
    ],
    [
      0.07701545459395795,
      0.10723840807526798,
      0.14688672101669165,
      0.2355665556048079,
      0.41088107504557997,
      1.0,
      0.25421850675346325,
      0.1322135737606151,
      0.0677315712675633
    ],
    [
      0.036783358486033445,
      0.055246527577048024,
      0.07445837585960585,
      0.1207225813640288,
      0.17843923552743343,
      0.25421850675346325,
      1.0,
      0.24392448634383282,
      0.12658385400744462
    ],
    [
      0.01682039469626642,
      0.028194657062158443,
      0.03669971328412907,
      0.06297887998773982,
      0.09316255811747196,
      0.1322135737606151,
      0.24392448634383282,
      1.0,
      0.23226055114790037
    ],
    [
      0.008102567073162828,
      0.014263143016804944,
      0.01635898507401943,
      0.02968553841131912,
      0.04754528062805113,
      0.0677315712675633,
      0.12658385400744465,
      0.23226055114790037,
      1.0
    ]
  ],