{
  "cube": {
    "tag": "C04_t0217",
    "t": 217,
    "x": [
      321,
      640
    ],
    "y": [
      1,
      320
    ],
    "z": [
      641,
      960
    ]
  },
  "raw_files": {
    "velocity": "/home/idies/workspace/Storage/elenceq/mhd_work/jhtdb_mhd1024/raw/mhd1024_velocity_t0217_x321-640_y1-320_z641-960.npy",
    "magneticfield": "/home/idies/workspace/Storage/elenceq/mhd_work/jhtdb_mhd1024/raw/mhd1024_magneticfield_t0217_x321-640_y1-320_z641-960.npy"
  },
  "scales": [
    32,
    40,
    48,
    64,
    80,
    96,
    128,
    160,
    192
  ],
  "phis": [
    0.0,
    0.39269908169872414,
    0.7853981633974483,
    1.1780972450961724,
    1.5707963267948966,
    1.9634954084936207,
    2.356194490192345,
    2.748893571891069
  ],
  "top_fraction": 0.1,
  "surrogate_n_bins": 10,
  "n_sample_common_per_phi": 30000,
  "random_unsigned_3d_baseline_deg": 57.29577951308232,
  "mean_all_deg": [
    48.58836464399641,
    48.4372966949896,
    48.40058592435939,
    48.348362847974016,
    48.25250810550515,
    48.15984132158,
    48.43154241040857,
    48.865633682100494,
    48.712954680531354
  ],
  "mean_A_deg": [
    31.745350289452656,
    30.926512021644463,
    30.91423703994631,
    31.04293790566434,
    30.868947956593946,
    31.690307916768855,
    34.81316684235778,
    36.786838455688404,
    37.08041632089844
  ],
  "mean_J_deg": [
    48.80682270273781,
    49.09956164024369,
    49.00119364215398,
    48.86106107121197,
    48.919333150283705,
    48.85718803622714,
    49.050067329350426,
    49.222589432499156,
    49.60678334780083
  ],
  "mean_all_phi_deg": [
    48.58836464399641,
    48.4372966949896,
    48.40058592435939,
    48.348362847974016,
    48.25250810550515,
    48.15984132158,
    48.43154241040857,
    48.865633682100494,
    48.712954680531354
  ],
  "mean_A_phi_deg": [
    31.745350289452656,
    30.926512021644463,
    30.91423703994631,
    31.04293790566434,
    30.868947956593946,
    31.690307916768855,
    34.81316684235778,
    36.786838455688404,
    37.08041632089844
  ],
  "mean_J_phi_deg": [
    48.80682270273781,
    49.09956164024369,
    49.00119364215398,
    48.86106107121197,
    48.919333150283705,
    48.85718803622714,
    49.050067329350426,
    49.222589432499156,
    49.60678334780083
  ],
  "pearson_c": [
    [
      1.0,
      0.6846473502629455,
      0.5204218618834793,
      0.3800147390697759,
      0.31531998744252004,
      0.270083337267318,
      0.21426461074605416,
      0.19549440769292314,
      0.18816118754607872
    ],
    [
      0.6846473502629458,
      1.0,
      0.7146527607976658,
      0.47390889339589054,
      0.38290129890823305,
      0.32700204721868276,
      0.2513094786082767,
      0.21842319861367945,
      0.2095124276250837
    ],
    [
      0.5204218618834794,
      0.7146527607976658,
      1.0,
      0.5905075489107607,
      0.45109528068349125,
      0.38130890671104883,
      0.2864094133834901,
      0.242791267453395,
      0.22806687726380745
    ],
    [
      0.3800147390697759,
      0.4739088933958906,
      0.5905075489107607,
      1.0,
      0.6288872978216886,
      0.4911731844263594,
      0.353883718503205,
      0.28372655473344294,
      0.2532178626202207
    ],
    [
      0.31531998744252004,
      0.38290129890823305,
      0.45109528068349125,
      0.6288872978216886,
      1.0,
      0.6518586139834994,
      0.4349386833175197,
      0.32832189344538387,
      0.277830252682287
    ],
    [
      0.2700833372673179,
      0.32700204721868276,
      0.38130890671104883,
      0.4911731844263594,
      0.6518586139834994,
      1.0,
      0.531699980623048,
      0.38387888689408206,
      0.30459982663559093
    ],
    [
      0.21426461074605416,
      0.2513094786082767,
      0.2864094133834901,
      0.353883718503205,
      0.4349386833175197,
      0.5316999806230479,
      1.0,
      0.5398921547641564,
      0.38458973113065614
    ],
    [
      0.19549440769292314,
      0.2184231986136794,
      0.242791267453395,
      0.28372655473344294,
      0.32832189344538387,
      0.38387888689408206,
      0.5398921547641564,
      1.0,
      0.5392113686497784
    ],
    [
      0.18816118754607872,
      0.20951242762508368,
      0.22806687726380745,
      0.2532178626202207,
      0.277830252682287,
      0.30459982663559093,
      0.38458973113065614,
      0.5392113686497784,
      1.0
    ]
  ],
  "pearson_s": [
    [
      0.9999999999999999,
      0.4980197980896808,
      0.3143846385604297,
      0.1831062889361824,
      0.13086620117410497,
      0.08790279936595287,
      0.049348169061402825,
      0.032850535055746026,
      0.034717931143935246
    ],
    [
      0.4980197980896808,
      1.0,
      0.5319899049778337,
      0.26239489148240625,
      0.18154275863359395,
      0.12543448427776221,
      0.07011877181508126,
      0.04692968519386578,
      0.0409062013968684
    ],
    [
      0.3143846385604297,
      0.5319899049778337,
      1.0,
      0.371880179499546,
      0.23429157596246206,
      0.1636223782553583,
      0.0868204209992699,
      0.056127775029751664,
      0.046215704906512875
    ],
    [
      0.1831062889361824,
      0.26239489148240625,
      0.371880179499546,
      1.0,
      0.4079332480314949,
      0.2544398430679209,
      0.12566449736245852,
      0.07562232828183646,
      0.053587408912100995
    ],
    [
      0.13086620117410497,
      0.18154275863359393,
      0.23429157596246208,
      0.4079332480314949,
      1.0,
      0.4249755712754092,
      0.18718175624343494,
      0.09972259663979416,
      0.060762071249716484
    ],
    [
      0.08790279936595287,
      0.12543448427776221,
      0.1636223782553583,
      0.2544398430679209,
      0.42497557127540925,
      1.0,
      0.2764036950111463,
      0.13718054296836196,
      0.07292077976559762
    ],
    [
      0.049348169061402825,
      0.07011877181508126,
      0.0868204209992699,
      0.12566449736245852,
      0.18718175624343494,
      0.2764036950111463,
      1.0,
      0.26716385912838114,
      0.12393226954340877
    ],
    [
      0.03285053505574603,
      0.04692968519386578,
      0.056127775029751664,
      0.07562232828183646,
      0.09972259663979416,
      0.13718054296836196,
      0.2671638591283812,
      1.0,
      0.25375149146423165
    ],
    [
      0.03471793114393524,
      0.0409062013968684,
      0.046215704906512875,
      0.053587408912100995,
      0.060762071249716484,
      0.07292077976559762,
      0.12393226954340877,
      0.25375149146423165,
      1.0
    ]
  ],