{
  "cube": {
    "tag": "C05_t0493",
    "t": 493,
    "x": [
      1,
      320
    ],
    "y": [
      641,
      960
    ],
    "z": [
      641,
      960
    ]
  },
  "raw_files": {
    "velocity": "/home/idies/workspace/Storage/elenceq/mhd_work/jhtdb_mhd1024/raw/mhd1024_velocity_t0493_x1-320_y641-960_z641-960.npy",
    "magneticfield": "/home/idies/workspace/Storage/elenceq/mhd_work/jhtdb_mhd1024/raw/mhd1024_magneticfield_t0493_x1-320_y641-960_z641-960.npy"
  },
  "scales": [
    32,
    40,
    48,
    64,
    80,
    96,
    128,
    160,
    192
  ],
  "phis": [
    0.0,
    0.39269908169872414,
    0.7853981633974483,
    1.1780972450961724,
    1.5707963267948966,
    1.9634954084936207,
    2.356194490192345,
    2.748893571891069
  ],
  "top_fraction": 0.1,
  "surrogate_n_bins": 10,
  "n_sample_common_per_phi": 30000,
  "random_unsigned_3d_baseline_deg": 57.29577951308232,
  "mean_all_deg": [
    49.71049018816634,
    50.11744933040074,
    50.43934505305774,
    50.98536786648662,
    51.22438567161056,
    51.35420787808443,
    50.950363366291775,
    50.74054977358814,
    50.84026099511436
  ],
  "mean_A_deg": [
    36.64088661185742,
    37.648471969583554,
    38.76919146678861,
    39.85362721380169,
    40.88103593688946,
    41.3054480899211,
    41.4757896695273,
    41.0654216320177,
    40.50661102377822
  ],
  "mean_J_deg": [
    49.77998881238174,
    50.35548142965605,
    50.78225947972856,
    51.11669106597958,
    51.65984791276647,
    51.950159660259345,
    51.74731895517296,
    51.72825182907905,
    51.551235905140985
  ],
  "mean_all_phi_deg": [
    49.71049018816634,
    50.11744933040074,
    50.43934505305774,
    50.98536786648662,
    51.22438567161056,
    51.35420787808443,
    50.950363366291775,
    50.74054977358814,
    50.84026099511436
  ],
  "mean_A_phi_deg": [
    36.64088661185742,
    37.648471969583554,
    38.76919146678861,
    39.85362721380169,
    40.88103593688946,
    41.3054480899211,
    41.4757896695273,
    41.0654216320177,
    40.50661102377822
  ],
  "mean_J_phi_deg": [
    49.77998881238174,
    50.35548142965605,
    50.78225947972856,
    51.11669106597958,
    51.65984791276647,
    51.950159660259345,
    51.74731895517296,
    51.72825182907905,
    51.551235905140985
  ],
  "pearson_c": [
    [
      1.0,
      0.6692253628687177,
      0.4882172708318988,
      0.3355611532035475,
      0.25985666636514576,
      0.22153891367464945,
      0.18107450102781847,
      0.1684969486350442,
      0.1650540280647953
    ],
    [
      0.6692253628687177,
      1.0,
      0.6950310249026996,
      0.42862318376257164,
      0.3203512861299241,
      0.2644950972936259,
      0.21133108699912587,
      0.19180647916992383,
      0.1852777949572473
    ],
    [
      0.4882172708318988,
      0.6950310249026996,
      1.0,
      0.548428612537001,
      0.38923926380096907,
      0.31058540272234364,
      0.23891023124958974,
      0.20837777754815434,
      0.19509906698065757
    ],
    [
      0.3355611532035474,
      0.4286231837625717,
      0.548428612537001,
      1.0,
      0.5761255555821043,
      0.4233782107426023,
      0.2898131278171337,
      0.24162187317739955,
      0.21809550468659225
    ],
    [
      0.25985666636514576,
      0.32035128612992403,
      0.389239263800969,
      0.5761255555821044,
      0.9999999999999999,
      0.5976367962918273,
      0.3593708507123127,
      0.27962762966757576,
      0.2431628889409551
    ],
    [
      0.22153891367464948,
      0.2644950972936259,
      0.31058540272234364,
      0.4233782107426023,
      0.5976367962918274,
      1.0,
      0.458808110404824,
      0.32588143484941606,
      0.2711391973803346
    ],
    [
      0.18107450102781847,
      0.21133108699912587,
      0.2389102312495897,
      0.2898131278171337,
      0.3593708507123127,
      0.45880811040482394,
      1.0,
      0.4864326577496598,
      0.34819854521747623
    ],
    [
      0.1684969486350442,
      0.19180647916992383,
      0.20837777754815434,
      0.24162187317739955,
      0.27962762966757576,
      0.325881434849416,
      0.4864326577496598,
      1.0,
      0.4931533274522324
    ],
    [
      0.1650540280647953,
      0.18527779495724728,
      0.19509906698065757,
      0.21809550468659225,
      0.2431628889409551,
      0.2711391973803346,
      0.34819854521747623,
      0.4931533274522324,
      1.0
    ]
  ],
  "pearson_s": [
    [
      1.0,
      0.48112032604535426,
      0.2798944605181251,
      0.13658777618188847,
      0.08390897503990269,
      0.05925943334712152,
      0.03248542913486328,
      0.029473387745766015,
      0.026671135421950945
    ],
    [
      0.4811203260453543,
      1.0,
      0.5030031206381529,
      0.20688605091098275,
      0.11969542596326678,
      0.08180965720311742,
      0.042642378763283396,
      0.03583789544203828,
      0.02895709774226073
    ],
    [
      0.2798944605181251,
      0.5030031206381529,
      0.9999999999999999,
      0.3266054318933142,
      0.17354413281007502,
      0.11057468196128889,
      0.05631350446006607,
      0.038034174599865384,
      0.03548732313526348
    ],
    [
      0.13658777618188847,
      0.20688605091098275,
      0.3266054318933142,
      1.0,
      0.3506795381306083,
      0.19127068670066708,
      0.085935566923036,
      0.057543798533120194,
      0.04767139015638902
    ],
    [
      0.08390897503990269,
      0.11969542596326677,
      0.17354413281007502,
      0.3506795381306083,
      1.0,
      0.36406059676629177,
      0.13503810597310725,
      0.07680144247874125,
      0.05932492233639571
    ],
    [
      0.05925943334712154,
      0.08180965720311742,
      0.11057468196128888,
      0.19127068670066708,
      0.36406059676629177,
      1.0,
      0.21464838803419975,
      0.10264098489142041,
      0.06850899213473366
    ],
    [
      0.03248542913486328,
      0.042642378763283396,
      0.05631350446006607,
      0.085935566923036,
      0.13503810597310725,
      0.21464838803419972,
      1.0,
      0.221597110230501,
      0.10672709591945534
    ],
    [
      0.029473387745766022,
      0.035837895442038276,
      0.038034174599865384,
      0.057543798533120194,
      0.07680144247874125,
      0.10264098489142041,
      0.22159711023050097,
      1.0,
      0.22723382026972638
    ],
    [
      0.026671135421950938,
      0.02895709774226073,
      0.03548732313526348,
      0.04767139015638902,
      0.05932492233639571,
      0.06850899213473366,
      0.10672709591945534,
      0.22723382026972638,
      1.0
    ]
  ],