{
  "cube": {
    "tag": "C07_t0292",
    "t": 292,
    "x": [
      641,
      960
    ],
    "y": [
      321,
      640
    ],
    "z": [
      641,
      960
    ]
  },
  "raw_files": {
    "velocity": "/home/idies/workspace/Storage/elenceq/mhd_work/jhtdb_mhd1024/raw/mhd1024_velocity_t0292_x641-960_y321-640_z641-960.npy",
    "magneticfield": "/home/idies/workspace/Storage/elenceq/mhd_work/jhtdb_mhd1024/raw/mhd1024_magneticfield_t0292_x641-960_y321-640_z641-960.npy"
  },
  "scales": [
    32,
    40,
    48,
    64,
    80,
    96,
    128,
    160,
    192
  ],
  "phis": [
    0.0,
    0.39269908169872414,
    0.7853981633974483,
    1.1780972450961724,
    1.5707963267948966,
    1.9634954084936207,
    2.356194490192345,
    2.748893571891069
  ],
  "top_fraction": 0.1,
  "surrogate_n_bins": 10,
  "n_sample_common_per_phi": 30000,
  "random_unsigned_3d_baseline_deg": 57.29577951308232,
  "mean_all_deg": [
    49.57384399263888,
    49.75968024241502,
    49.92745060967443,
    50.03174110720213,
    50.14262393110621,
    50.081502469879716,
    50.78421586066657,
    51.075495777148326,
    51.099651065518
  ],
  "mean_A_deg": [
    34.76657941143813,
    35.43134185576609,
    36.38496049435139,
    37.15765455524818,
    38.1586496846399,
    38.86304891438232,
    40.00197810496744,
    41.17735595593238,
    42.09998759713804
  ],
  "mean_J_deg": [
    49.378092013764146,
    50.19532298452845,
    50.58567711581583,
    51.39457581706611,
    51.77029037488968,
    51.46019190084866,
    51.81437000054916,
    51.99422997428278,
    52.148864414260736
  ],
  "mean_all_phi_deg": [
    49.57384399263888,
    49.75968024241502,
    49.92745060967443,
    50.03174110720213,
    50.14262393110621,
    50.081502469879716,
    50.78421586066657,
    51.075495777148326,
    51.099651065518
  ],
  "mean_A_phi_deg": [
    34.76657941143813,
    35.43134185576609,
    36.38496049435139,
    37.15765455524818,
    38.1586496846399,
    38.86304891438232,
    40.00197810496744,
    41.17735595593238,
    42.09998759713804
  ],
  "mean_J_phi_deg": [
    49.378092013764146,
    50.19532298452845,
    50.58567711581583,
    51.39457581706611,
    51.77029037488968,
    51.46019190084866,
    51.81437000054916,
    51.99422997428278,
    52.148864414260736
  ],
  "pearson_c": [
    [
      1.0,
      0.6592684537967544,
      0.4826522665046058,
      0.33853651812801605,
      0.27492424840252216,
      0.2383868346447597,
      0.19486573202061097,
      0.17033110273219165,
      0.14884699746585023
    ],
    [
      0.6592684537967544,
      1.0,
      0.6850609997469601,
      0.427836168544931,
      0.33996643983170904,
      0.2880823788062642,
      0.23218272125477313,
      0.19725430035245234,
      0.1707848604806286
    ],
    [
      0.48265226650460574,
      0.6850609997469601,
      1.0,
      0.5439217531908164,
      0.40920463665039297,
      0.34046438669532625,
      0.26919213479682713,
      0.22395615099442095,
      0.18866601857718235
    ],
    [
      0.33853651812801605,
      0.427836168544931,
      0.5439217531908164,
      1.0,
      0.5877645732205292,
      0.45441266414868675,
      0.33771609538335806,
      0.2750359324639117,
      0.22617917222492767
    ],
    [
      0.27492424840252216,
      0.339966439831709,
      0.40920463665039297,
      0.5877645732205293,
      1.0,
      0.6187670048161048,
      0.40880383341606025,
      0.32030809835873436,
      0.2598285542671679
    ],
    [
      0.2383868346447597,
      0.28808237880626414,
      0.34046438669532625,
      0.4544126641486867,
      0.6187670048161048,
      1.0,
      0.4919699679599988,
      0.3684282508322442,
      0.28835764523949287
    ],
    [
      0.19486573202061097,
      0.23218272125477313,
      0.26919213479682713,
      0.33771609538335806,
      0.40880383341606025,
      0.49196996795999887,
      1.0,
      0.5027629538150885,
      0.36582358303722684
    ],
    [
      0.17033110273219165,
      0.1972543003524523,
      0.22395615099442095,
      0.2750359324639118,
      0.3203080983587343,
      0.3684282508322442,
      0.5027629538150885,
      1.0,
      0.5016380584866245
    ],
    [
      0.14884699746585023,
      0.1707848604806286,
      0.18866601857718238,
      0.22617917222492767,
      0.2598285542671679,
      0.28835764523949287,
      0.36582358303722684,
      0.5016380584866245,
      0.9999999999999999
    ]
  ],
  "pearson_s": [
    [
      0.9999999999999999,
      0.49008772791347494,
      0.2989002838330052,
      0.1657696008102893,
      0.11527176000325877,
      0.0793927619367098,
      0.04718171323266007,
      0.03719230042420893,
      0.035062833035471246
    ],
    [
      0.49008772791347494,
      1.0,
      0.514345935631869,
      0.23582812341915066,
      0.14891893315875215,
      0.10192867385944583,
      0.059089379792561104,
      0.041346330774322905,
      0.03893023437826097
    ],
    [
      0.2989002838330052,
      0.514345935631869,
      1.0,
      0.346942804693215,
      0.2009994635997966,
      0.13395547696584248,
      0.07283188721367463,
      0.04833678619039326,
      0.04030571326842102
    ],
    [
      0.1657696008102893,
      0.2358281234191506,
      0.346942804693215,
      1.0,
      0.3759530959552409,
      0.21927665850494016,
      0.10769778367098728,
      0.06981767901922034,
      0.052014360917974366
    ],
    [
      0.11527176000325877,
      0.14891893315875215,
      0.20099946359979654,
      0.3759530959552409,
      1.0,
      0.39079906017913646,
      0.16044534512231395,
      0.09282331121616702,
      0.06750142024717835
    ],
    [
      0.0793927619367098,
      0.10192867385944582,
      0.13395547696584248,
      0.21927665850494016,
      0.39079906017913646,
      1.0,
      0.234712585141993,
      0.12141712649904932,
      0.07460636301966994
    ],
    [
      0.04718171323266007,
      0.059089379792561104,
      0.07283188721367463,
      0.10769778367098728,
      0.16044534512231395,
      0.234712585141993,
      1.0,
      0.23921773091677906,
      0.12619407118731124
    ],
    [
      0.03719230042420893,
      0.041346330774322905,
      0.04833678619039326,
      0.06981767901922034,
      0.092823311216167,
      0.12141712649904933,
      0.23921773091677906,
      1.0,
      0.24279776832203606
    ],
    [
      0.035062833035471246,
      0.03893023437826097,
      0.04030571326842102,
      0.052014360917974366,
      0.06750142024717835,
      0.07460636301966994,
      0.12619407118731124,
      0.24279776832203606,
      1.0
    ]
  ],