{
  "cube": {
    "tag": "C08_t0976",
    "t": 976,
    "x": [
      1,
      320
    ],
    "y": [
      1,
      320
    ],
    "z": [
      321,
      640
    ]
  },
  "raw_files": {
    "velocity": "/home/idies/workspace/Storage/elenceq/mhd_work/jhtdb_mhd1024/raw/mhd1024_velocity_t0976_x1-320_y1-320_z321-640.npy",
    "magneticfield": "/home/idies/workspace/Storage/elenceq/mhd_work/jhtdb_mhd1024/raw/mhd1024_magneticfield_t0976_x1-320_y1-320_z321-640.npy"
  },
  "scales": [
    32,
    40,
    48,
    64,
    80,
    96,
    128,
    160,
    192
  ],
  "phis": [
    0.0,
    0.39269908169872414,
    0.7853981633974483,
    1.1780972450961724,
    1.5707963267948966,
    1.9634954084936207,
    2.356194490192345,
    2.748893571891069
  ],
  "top_fraction": 0.1,
  "surrogate_n_bins": 10,
  "n_sample_common_per_phi": 30000,
  "random_unsigned_3d_baseline_deg": 57.29577951308232,
  "mean_all_deg": [
    49.329520113460056,
    49.00682839840247,
    48.78902535685938,
    48.13304595757749,
    47.4792805240232,
    47.06281218480347,
    47.01264938385347,
    47.385795684019975,
    48.35800217335629
  ],
  "mean_A_deg": [
    37.569519007043716,
    36.84811947592363,
    35.498064047989836,
    32.62249749160794,
    30.200369729600745,
    28.80176455520732,
    29.081948878518883,
    32.73374079605637,
    35.08293084839092
  ],
  "mean_J_deg": [
    50.22831225442184,
    50.37294439826477,
    50.18963382828787,
    49.55682015125413,
    48.89154953937952,
    48.56268620377709,
    48.24736592382236,
    48.69150474972923,
    49.543318777874134
  ],
  "mean_all_phi_deg": [
    49.329520113460056,
    49.00682839840247,
    48.78902535685938,
    48.13304595757749,
    47.4792805240232,
    47.06281218480347,
    47.01264938385347,
    47.385795684019975,
    48.35800217335629
  ],
  "mean_A_phi_deg": [
    37.569519007043716,
    36.84811947592363,
    35.498064047989836,
    32.62249749160794,
    30.200369729600745,
    28.80176455520732,
    29.081948878518883,
    32.73374079605637,
    35.08293084839092
  ],
  "mean_J_phi_deg": [
    50.22831225442184,
    50.37294439826477,
    50.18963382828787,
    49.55682015125413,
    48.89154953937952,
    48.56268620377709,
    48.24736592382236,
    48.69150474972923,
    49.543318777874134
  ],
  "pearson_c": [
    [
      1.0,
      0.7025347972754914,
      0.5450830294174088,
      0.40653752885835504,
      0.3387752747330372,
      0.2983679587494202,
      0.2549365940478793,
      0.21691180041050348,
      0.17539972968542386
    ],
    [
      0.7025347972754914,
      1.0,
      0.7295220339085273,
      0.5000375994585717,
      0.4059859015224811,
      0.35379716190098576,
      0.29783986137902174,
      0.2536030925676064,
      0.2033640840875594
    ],
    [
      0.5450830294174088,
      0.7295220339085273,
      1.0,
      0.6132752080971668,
      0.47881533309335517,
      0.4077472931154381,
      0.3353627954031622,
      0.28548017918469304,
      0.22737434698419223
    ],
    [
      0.406537528858355,
      0.5000375994585717,
      0.6132752080971668,
      1.0,
      0.6555351920093969,
      0.5248557483544721,
      0.405869294248048,
      0.34151702705460424,
      0.2754773029812433
    ],
    [
      0.3387752747330372,
      0.4059859015224811,
      0.47881533309335517,
      0.6555351920093969,
      1.0,
      0.684848905236872,
      0.47937630473487264,
      0.38962404066428036,
      0.3149510724794582
    ],
    [
      0.2983679587494202,
      0.35379716190098576,
      0.4077472931154381,
      0.5248557483544721,
      0.6848489052368719,
      1.0,
      0.5771198282552694,
      0.4397429301954614,
      0.3510843265956928
    ],
    [
      0.2549365940478793,
      0.29783986137902174,
      0.3353627954031622,
      0.405869294248048,
      0.47937630473487264,
      0.5771198282552694,
      1.0,
      0.5936693062504844,
      0.43590528169356657
    ],
    [
      0.21691180041050348,
      0.2536030925676064,
      0.28548017918469304,
      0.3415170270546042,
      0.38962404066428036,
      0.4397429301954615,
      0.5936693062504844,
      1.0,
      0.5858300512078594
    ],
    [
      0.17539972968542386,
      0.2033640840875594,
      0.22737434698419223,
      0.2754773029812433,
      0.3149510724794582,
      0.3510843265956928,
      0.4359052816935666,
      0.5858300512078592,
      1.0
    ]
  ],
  "pearson_s": [
    [
      1.0,
      0.4949972437528038,
      0.30766198207144163,
      0.16654188056935496,
      0.11152356289496426,
      0.07807711377168478,
      0.04436325834463649,
      0.027135873428879943,
      0.014773303560270968
    ],
    [
      0.4949972437528039,
      1.0,
      0.5320767157020221,
      0.24811957198158413,
      0.15840465739268558,
      0.1061699799526659,
      0.06434517029865332,
      0.039281572727532924,
      0.022665817866661993
    ],
    [
      0.30766198207144163,
      0.5320767157020221,
      1.0,
      0.37220656706194094,
      0.22014520871820992,
      0.14700678413171453,
      0.08614554951068741,
      0.05398195446989142,
      0.027395633835965747
    ],
    [
      0.16654188056935496,
      0.24811957198158413,
      0.37220656706194094,
      1.0,
      0.4162637699530197,
      0.2575859646053874,
      0.13399981189545446,
      0.0844522804820402,
      0.045810118472379494
    ],
    [
      0.11152356289496426,
      0.15840465739268558,
      0.22014520871820992,
      0.4162637699530197,
      1.0,
      0.43931385417047936,
      0.20031983019289962,
      0.11588437058550524,
      0.06397700632242075
    ],
    [
      0.07807711377168478,
      0.1061699799526659,
      0.14700678413171453,
      0.2575859646053874,
      0.43931385417047936,
      0.9999999999999999,
      0.2979509416878136,
      0.1567780944886091,
      0.08696843109864208
    ],
    [
      0.04436325834463649,
      0.0643451702986533,
      0.08614554951068741,
      0.13399981189545446,
      0.20031983019289964,
      0.2979509416878136,
      1.0,
      0.3124392722460656,
      0.15123057066504964
    ],
    [
      0.027135873428879943,
      0.03928157272753292,
      0.05398195446989142,
      0.0844522804820402,
      0.11588437058550524,
      0.15677809448860913,
      0.3124392722460656,
      0.9999999999999999,
      0.3051716678897568
    ],
    [
      0.014773303560270968,
      0.022665817866661993,
      0.027395633835965744,
      0.04581011847237948,
      0.06397700632242075,
      0.08696843109864207,
      0.15123057066504964,
      0.3051716678897568,
      1.0
    ]
  ],