{
  "cube": {
    "tag": "C09_t0699",
    "t": 699,
    "x": [
      1,
      320
    ],
    "y": [
      321,
      640
    ],
    "z": [
      1,
      320
    ]
  },
  "raw_files": {
    "velocity": "/home/idies/workspace/Storage/elenceq/mhd_work/jhtdb_mhd1024/raw/mhd1024_velocity_t0699_x1-320_y321-640_z1-320.npy",
    "magneticfield": "/home/idies/workspace/Storage/elenceq/mhd_work/jhtdb_mhd1024/raw/mhd1024_magneticfield_t0699_x1-320_y321-640_z1-320.npy"
  },
  "scales": [
    32,
    40,
    48,
    64,
    80,
    96,
    128,
    160,
    192
  ],
  "phis": [
    0.0,
    0.39269908169872414,
    0.7853981633974483,
    1.1780972450961724,
    1.5707963267948966,
    1.9634954084936207,
    2.356194490192345,
    2.748893571891069
  ],
  "top_fraction": 0.1,
  "surrogate_n_bins": 10,
  "n_sample_common_per_phi": 30000,
  "random_unsigned_3d_baseline_deg": 57.29577951308232,
  "mean_all_deg": [
    49.75972385673452,
    49.694913427725886,
    49.58507864831091,
    49.20320191117282,
    48.84293302895196,
    48.455098160275206,
    47.635557130987344,
    47.586710791366635,
    48.57289997025396
  ],
  "mean_A_deg": [
    32.15117590552788,
    31.398355681075255,
    31.132814950860247,
    31.24985844406442,
    31.697472024298,
    31.94034215931569,
    32.839183905229156,
    34.63142155719568,
    36.282301000104475
  ],
  "mean_J_deg": [
    49.28631294385811,
    49.50311613777736,
    49.65907687564805,
    49.544040792855775,
    49.45572907623834,
    49.25972191728292,
    48.57108421438784,
    48.534957391409506,
    49.29105876329571
  ],
  "mean_all_phi_deg": [
    49.75972385673452,
    49.694913427725886,
    49.58507864831091,
    49.20320191117282,
    48.84293302895196,
    48.455098160275206,
    47.635557130987344,
    47.586710791366635,
    48.57289997025396
  ],
  "mean_A_phi_deg": [
    32.15117590552788,
    31.398355681075255,
    31.132814950860247,
    31.24985844406442,
    31.697472024298,
    31.94034215931569,
    32.839183905229156,
    34.63142155719568,
    36.282301000104475
  ],
  "mean_J_phi_deg": [
    49.28631294385811,
    49.50311613777736,
    49.65907687564805,
    49.544040792855775,
    49.45572907623834,
    49.25972191728292,
    48.57108421438784,
    48.534957391409506,
    49.29105876329571
  ],
  "pearson_c": [
    [
      1.0,
      0.6999795076179192,
      0.5379434892834387,
      0.39201721875110795,
      0.3231485276429892,
      0.28051117380046586,
      0.20895976423039758,
      0.17061420198668006,
      0.16538923545419443
    ],
    [
      0.6999795076179192,
      1.0,
      0.7281416171253074,
      0.4857908479776114,
      0.3864356726617942,
      0.33013663767834145,
      0.2491693519693546,
      0.19417973449303938,
      0.18329380387485278
    ],
    [
      0.5379434892834387,
      0.7281416171253072,
      1.0,
      0.5988335860808657,
      0.45291349365606826,
      0.37723339623233937,
      0.28509741716176407,
      0.21891110534064695,
      0.20028002172256462
    ],
    [
      0.39201721875110795,
      0.4857908479776114,
      0.5988335860808656,
      1.0,
      0.6304214986343656,
      0.4827506178989558,
      0.3501788057445767,
      0.26708050122787774,
      0.22680676348177214
    ],
    [
      0.3231485276429892,
      0.38643567266179407,
      0.45291349365606826,
      0.6304214986343655,
      1.0,
      0.6466465843993516,
      0.41987186101055707,
      0.31250256573137447,
      0.24763366929562902
    ],
    [
      0.2805111738004659,
      0.33013663767834145,
      0.37723339623233937,
      0.4827506178989558,
      0.6466465843993516,
      1.0,
      0.5150956154676825,
      0.3683401930609306,
      0.27893303026484895
    ],
    [
      0.20895976423039758,
      0.2491693519693546,
      0.28509741716176407,
      0.3501788057445767,
      0.419871861010557,
      0.5150956154676825,
      1.0,
      0.5246706725675737,
      0.3599358862497373
    ],
    [
      0.17061420198668006,
      0.19417973449303938,
      0.21891110534064695,
      0.26708050122787774,
      0.3125025657313744,
      0.3683401930609305,
      0.5246706725675737,
      1.0,
      0.5125420325216619
    ],
    [
      0.16538923545419446,
      0.18329380387485278,
      0.2002800217225646,
      0.22680676348177214,
      0.24763366929562902,
      0.27893303026484895,
      0.3599358862497373,
      0.5125420325216619,
      1.0
    ]
  ],
  "pearson_s": [
    [
      1.0,
      0.5074617800053837,
      0.3168998388238756,
      0.1766537311910551,
      0.11820359016372436,
      0.07977514879591327,
      0.036612828248331716,
      0.012706975253547347,
      0.01239576153577307
    ],
    [
      0.5074617800053838,
      1.0,
      0.5329595615257734,
      0.2498694968685062,
      0.15981867509784076,
      0.10831892728576788,
      0.05227806230884239,
      0.02290114935564427,
      0.017285242348523123
    ],
    [
      0.3168998388238756,
      0.5329595615257733,
      1.0,
      0.3611364803968018,
      0.20985941789248935,
      0.14205364410610438,
      0.07444958224496684,
      0.03395544741499397,
      0.02628011131160713
    ],
    [
      0.1766537311910551,
      0.24986949686850626,
      0.3611364803968018,
      1.0,
      0.39579089975368253,
      0.23560325848151303,
      0.1190120493514419,
      0.06283343478837101,
      0.03828468799764874
    ],
    [
      0.11820359016372436,
      0.15981867509784076,
      0.20985941789248932,
      0.3957908997536825,
      1.0,
      0.41362899877004905,
      0.17531312562784104,
      0.09935940270020724,
      0.056879394659778745
    ],
    [
      0.07977514879591327,
      0.10831892728576788,
      0.14205364410610438,
      0.23560325848151306,
      0.41362899877004905,
      1.0,
      0.26432964903529615,
      0.1396271159005582,
      0.07916163347359385
    ],
    [
      0.036612828248331716,
      0.052278062308842396,
      0.07444958224496684,
      0.11901204935144191,
      0.17531312562784104,
      0.2643296490352962,
      1.0,
      0.27346649378366206,
      0.1325564755157474
    ],
    [
      0.012706975253547347,
      0.02290114935564427,
      0.03395544741499397,
      0.06283343478837101,
      0.09935940270020725,
      0.13962711590055824,
      0.27346649378366206,
      1.0,
      0.25868218079835154
    ],
    [
      0.01239576153577307,
      0.017285242348523123,
      0.02628011131160713,
      0.03828468799764873,
      0.056879394659778745,
      0.07916163347359385,
      0.1325564755157474,
      0.25868218079835154,
      1.0
    ]
  ],