{
  "cube": {
    "tag": "C10_t0778",
    "t": 778,
    "x": [
      321,
      640
    ],
    "y": [
      321,
      640
    ],
    "z": [
      1,
      320
    ]
  },
  "raw_files": {
    "velocity": "/home/idies/workspace/Storage/elenceq/mhd_work/jhtdb_mhd1024/raw/mhd1024_velocity_t0778_x321-640_y321-640_z1-320.npy",
    "magneticfield": "/home/idies/workspace/Storage/elenceq/mhd_work/jhtdb_mhd1024/raw/mhd1024_magneticfield_t0778_x321-640_y321-640_z1-320.npy"
  },
  "scales": [
    32,
    40,
    48,
    64,
    80,
    96,
    128,
    160,
    192
  ],
  "phis": [
    0.0,
    0.39269908169872414,
    0.7853981633974483,
    1.1780972450961724,
    1.5707963267948966,
    1.9634954084936207,
    2.356194490192345,
    2.748893571891069
  ],
  "top_fraction": 0.1,
  "surrogate_n_bins": 10,
  "n_sample_common_per_phi": 30000,
  "random_unsigned_3d_baseline_deg": 57.29577951308232,
  "mean_all_deg": [
    49.57648761775124,
    49.68842602230168,
    49.73144809053596,
    49.91232157459098,
    49.9914081487133,
    50.04130519365479,
    49.80917034996034,
    49.93885404124336,
    50.26069399917397
  ],
  "mean_A_deg": [
    36.28855577157179,
    35.17914542658535,
    34.38204907464268,
    33.93691679414316,
    33.70540180298888,
    34.41986762415392,
    35.29919757631684,
    35.86894024826129,
    36.25439175333043
  ],
  "mean_J_deg": [
    49.826701882945386,
    50.14531114451265,
    50.17365904780907,
    50.37325088476099,
    50.32292828113556,
    50.259144058080835,
    50.37721699626215,
    50.01399530798613,
    50.45731838367156
  ],
  "mean_all_phi_deg": [
    49.57648761775124,
    49.68842602230168,
    49.73144809053596,
    49.91232157459098,
    49.9914081487133,
    50.04130519365479,
    49.80917034996034,
    49.93885404124336,
    50.26069399917397
  ],
  "mean_A_phi_deg": [
    36.28855577157179,
    35.17914542658535,
    34.38204907464268,
    33.93691679414316,
    33.70540180298888,
    34.41986762415392,
    35.29919757631684,
    35.86894024826129,
    36.25439175333043
  ],
  "mean_J_phi_deg": [
    49.826701882945386,
    50.14531114451265,
    50.17365904780907,
    50.37325088476099,
    50.32292828113556,
    50.259144058080835,
    50.37721699626215,
    50.01399530798613,
    50.45731838367156
  ],
  "pearson_c": [
    [
      1.0,
      0.7034274449037543,
      0.5366604254911049,
      0.38374244444450006,
      0.31191215361986246,
      0.25858287560453,
      0.20536687710233084,
      0.18489132150223392,
      0.18094090404029262
    ],
    [
      0.7034274449037543,
      0.9999999999999999,
      0.732488415992706,
      0.48190415753054405,
      0.38264418030812913,
      0.3129707011378854,
      0.23691571244074144,
      0.20828270617842481,
      0.20330777602080297
    ],
    [
      0.5366604254911049,
      0.7324884159927061,
      1.0,
      0.6010311178013821,
      0.4553695678124188,
      0.36793808656896476,
      0.26877411091433373,
      0.22982738902339694,
      0.2192210501306605
    ],
    [
      0.38374244444450006,
      0.4819041575305441,
      0.6010311178013821,
      1.0,
      0.6347591896550638,
      0.4864706713900863,
      0.33130975895059045,
      0.2651205720451326,
      0.24370529876068522
    ],
    [
      0.31191215361986246,
      0.38264418030812913,
      0.4553695678124188,
      0.6347591896550638,
      1.0,
      0.6514505339754891,
      0.4115652754738315,
      0.30786717709894174,
      0.2689668708892891
    ],
    [
      0.25858287560453,
      0.3129707011378854,
      0.3679380865689647,
      0.4864706713900864,
      0.6514505339754891,
      1.0,
      0.5149204125389869,
      0.36501542685488825,
      0.2989966598342239
    ],
    [
      0.20536687710233084,
      0.23691571244074144,
      0.2687741109143337,
      0.33130975895059045,
      0.4115652754738315,
      0.5149204125389869,
      1.0,
      0.5331855312937073,
      0.3913351604770159
    ],
    [
      0.18489132150223392,
      0.20828270617842481,
      0.22982738902339692,
      0.2651205720451326,
      0.30786717709894174,
      0.36501542685488825,
      0.5331855312937073,
      1.0,
      0.5375849434193367
    ],
    [
      0.18094090404029262,
      0.20330777602080297,
      0.2192210501306605,
      0.24370529876068522,
      0.2689668708892891,
      0.2989966598342239,
      0.3913351604770159,
      0.5375849434193367,
      1.0
    ]
  ],
  "pearson_s": [
    [
      1.0,
      0.5067983697780639,
      0.31106321227892886,
      0.17155463239039467,
      0.11223993260880114,
      0.07538228639574224,
      0.03867654724513922,
      0.02017807705348761,
      0.02198682522547034
    ],
    [
      0.5067983697780639,
      1.0,
      0.5393292953103987,
      0.2503635476873568,
      0.1579261221907993,
      0.10300654990244665,
      0.05141405637077178,
      0.030987409543523442,
      0.029273568643039545
    ],
    [
      0.31106321227892886,
      0.5393292953103987,
      0.9999999999999999,
      0.3654372630992486,
      0.2143900221873895,
      0.13398052972571567,
      0.06708850203614697,
      0.04033649495130894,
      0.034834813541823814
    ],
    [
      0.17155463239039467,
      0.2503635476873568,
      0.3654372630992486,
      0.9999999999999999,
      0.398881948068638,
      0.23019900653560815,
      0.10285462342847128,
      0.05531405001283191,
      0.04383114946230279
    ],
    [
      0.11223993260880115,
      0.15792612219079927,
      0.21439002218738948,
      0.398881948068638,
      1.0,
      0.41023010806756277,
      0.15532384253307255,
      0.08041045236139374,
      0.05723014505707024
    ],
    [
      0.07538228639574224,
      0.10300654990244665,
      0.13398052972571567,
      0.23019900653560815,
      0.41023010806756277,
      1.0,
      0.24545599169340224,
      0.11457157561224753,
      0.07128830516526323
    ],
    [
      0.03867654724513922,
      0.05141405637077178,
      0.06708850203614697,
      0.10285462342847126,
      0.15532384253307255,
      0.24545599169340224,
      1.0,
      0.2659237829175148,
      0.13196175501598092
    ],
    [
      0.02017807705348761,
      0.030987409543523442,
      0.04033649495130894,
      0.05531405001283191,
      0.08041045236139377,
      0.11457157561224753,
      0.26592378291751473,
      1.0,
      0.26673458019146074
    ],
    [
      0.02198682522547034,
      0.029273568643039545,
      0.034834813541823814,
      0.0438311494623028,
      0.05723014505707024,
      0.07128830516526324,
      0.13196175501598092,
      0.26673458019146074,
      1.0
    ]
  ],