{
  "cube": {
    "tag": "C12_t0273",
    "t": 273,
    "x": [
      641,
      960
    ],
    "y": [
      321,
      640
    ],
    "z": [
      321,
      640
    ]
  },
  "raw_files": {
    "velocity": "/home/idies/workspace/Storage/elenceq/mhd_work/jhtdb_mhd1024/raw/mhd1024_velocity_t0273_x641-960_y321-640_z321-640.npy",
    "magneticfield": "/home/idies/workspace/Storage/elenceq/mhd_work/jhtdb_mhd1024/raw/mhd1024_magneticfield_t0273_x641-960_y321-640_z321-640.npy"
  },
  "scales": [
    32,
    40,
    48,
    64,
    80,
    96,
    128,
    160,
    192
  ],
  "phis": [
    0.0,
    0.39269908169872414,
    0.7853981633974483,
    1.1780972450961724,
    1.5707963267948966,
    1.9634954084936207,
    2.356194490192345,
    2.748893571891069
  ],
  "top_fraction": 0.1,
  "surrogate_n_bins": 10,
  "n_sample_common_per_phi": 30000,
  "random_unsigned_3d_baseline_deg": 57.29577951308232,
  "mean_all_deg": [
    50.49952639304984,
    50.43721296137892,
    50.22645599681681,
    49.929317123812964,
    49.686397221968406,
    49.507962942385696,
    49.210799495031715,
    49.041252271019005,
    49.26305413551635
  ],
  "mean_A_deg": [
    38.311543907798175,
    37.82543650011488,
    37.21084763444059,
    36.83658786670033,
    37.161395631036605,
    37.450954298429075,
    37.051531536517956,
    36.643510775270755,
    36.40158035421767
  ],
  "mean_J_deg": [
    50.25828345518765,
    50.012293303258645,
    50.065098323155354,
    50.05452355377953,
    49.589106833887925,
    49.70686058495784,
    49.652268694668294,
    49.62040758992701,
    49.93746356666105
  ],
  "mean_all_phi_deg": [
    50.49952639304984,
    50.43721296137892,
    50.22645599681681,
    49.929317123812964,
    49.686397221968406,
    49.507962942385696,
    49.210799495031715,
    49.041252271019005,
    49.26305413551635
  ],
  "mean_A_phi_deg": [
    38.311543907798175,
    37.82543650011488,
    37.21084763444059,
    36.83658786670033,
    37.161395631036605,
    37.450954298429075,
    37.051531536517956,
    36.643510775270755,
    36.40158035421767
  ],
  "mean_J_phi_deg": [
    50.25828345518765,
    50.012293303258645,
    50.065098323155354,
    50.05452355377953,
    49.589106833887925,
    49.70686058495784,
    49.652268694668294,
    49.62040758992701,
    49.93746356666105
  ],
  "pearson_c": [
    [
      1.0,
      0.6821117739997669,
      0.5114243987204903,
      0.36955208369919756,
      0.29824812874891515,
      0.2577247784996452,
      0.2125750439708669,
      0.18897963898801481,
      0.1887640828867922
    ],
    [
      0.6821117739997667,
      1.0,
      0.7142405482049058,
      0.4677826022325273,
      0.3626589864688512,
      0.3085436498604138,
      0.24362610655583067,
      0.21822779420165017,
      0.21509939532257202
    ],
    [
      0.5114243987204903,
      0.7142405482049058,
      1.0,
      0.5896571241130355,
      0.4392720810109983,
      0.3647856177514735,
      0.2812990476993462,
      0.2432910906519092,
      0.23501459843933967
    ],
    [
      0.36955208369919756,
      0.4677826022325273,
      0.5896571241130355,
      0.9999999999999999,
      0.6339568808391798,
      0.49043597188432125,
      0.3545459712678642,
      0.2901179453326077,
      0.2613592791680258
    ],
    [
      0.29824812874891515,
      0.3626589864688513,
      0.43927208101099835,
      0.6339568808391798,
      1.0,
      0.6643868903185797,
      0.4342266329094172,
      0.3329871606413476,
      0.2840848576338161
    ],
    [
      0.2577247784996452,
      0.3085436498604138,
      0.3647856177514735,
      0.49043597188432125,
      0.6643868903185796,
      1.0,
      0.5357484965600885,
      0.3880655154156344,
      0.31228928628427355
    ],
    [
      0.2125750439708669,
      0.24362610655583064,
      0.2812990476993462,
      0.3545459712678642,
      0.4342266329094173,
      0.5357484965600885,
      1.0,
      0.5495577203547428,
      0.3969899298348534
    ],
    [
      0.18897963898801484,
      0.21822779420165014,
      0.2432910906519092,
      0.2901179453326077,
      0.3329871606413476,
      0.3880655154156343,
      0.5495577203547429,
      1.0,
      0.5483814517251958
    ],
    [
      0.18876408288679222,
      0.21509939532257202,
      0.23501459843933964,
      0.2613592791680258,
      0.28408485763381613,
      0.31228928628427355,
      0.3969899298348534,
      0.5483814517251958,
      1.0
    ]
  ],
  "pearson_s": [
    [
      0.9999999999999999,
      0.5006872932797753,
      0.30237409336326093,
      0.16634966535927712,
      0.11040744804315332,
      0.0791108584941908,
      0.05114572303108589,
      0.033836878670499365,
      0.031968236466744314
    ],
    [
      0.5006872932797753,
      1.0,
      0.5285497542550948,
      0.23615874243288468,
      0.15005099889362314,
      0.1080729599490583,
      0.06825519193133331,
      0.04832592527037933,
      0.04192627407023886
    ],
    [
      0.30237409336326093,
      0.5285497542550948,
      1.0,
      0.3541918057326577,
      0.20308744030552606,
      0.13820340680395254,
      0.08821939926369061,
      0.0628117896977388,
      0.049396538795689865
    ],
    [
      0.16634966535927712,
      0.2361587424328847,
      0.35419180573265774,
      1.0,
      0.3948482843344132,
      0.23077846677306438,
      0.1223402346588842,
      0.08084360375884186,
      0.06737668138378713
    ],
    [
      0.11040744804315332,
      0.15005099889362314,
      0.20308744030552606,
      0.3948482843344132,
      1.0,
      0.42026551301021076,
      0.17736973036802153,
      0.10928274260857167,
      0.0826461048773085
    ],
    [
      0.0791108584941908,
      0.1080729599490583,
      0.13820340680395254,
      0.23077846677306438,
      0.42026551301021076,
      1.0,
      0.2700980299095179,
      0.14487465011002715,
      0.09370052054397977
    ],
    [
      0.051145723031085895,
      0.06825519193133331,
      0.08821939926369061,
      0.1223402346588842,
      0.17736973036802153,
      0.2700980299095179,
      1.0,
      0.2860306472680734,
      0.1524346148275121
    ],
    [
      0.03383687867049937,
      0.04832592527037933,
      0.0628117896977388,
      0.08084360375884186,
      0.10928274260857167,
      0.14487465011002712,
      0.2860306472680734,
      1.0,
      0.28931959949526026
    ],
    [
      0.031968236466744314,
      0.04192627407023886,
      0.049396538795689865,
      0.06737668138378715,
      0.0826461048773085,
      0.09370052054397977,
      0.1524346148275121,
      0.2893195994952603,
      1.0
    ]
  ],