{
  "cube": {
    "tag": "C13_t0539",
    "t": 539,
    "x": [
      1,
      320
    ],
    "y": [
      641,
      960
    ],
    "z": [
      1,
      320
    ]
  },
  "raw_files": {
    "velocity": "/home/idies/workspace/Storage/elenceq/mhd_work/jhtdb_mhd1024/raw/mhd1024_velocity_t0539_x1-320_y641-960_z1-320.npy",
    "magneticfield": "/home/idies/workspace/Storage/elenceq/mhd_work/jhtdb_mhd1024/raw/mhd1024_magneticfield_t0539_x1-320_y641-960_z1-320.npy"
  },
  "scales": [
    32,
    40,
    48,
    64,
    80,
    96,
    128,
    160,
    192
  ],
  "phis": [
    0.0,
    0.39269908169872414,
    0.7853981633974483,
    1.1780972450961724,
    1.5707963267948966,
    1.9634954084936207,
    2.356194490192345,
    2.748893571891069
  ],
  "top_fraction": 0.1,
  "surrogate_n_bins": 10,
  "n_sample_common_per_phi": 30000,
  "random_unsigned_3d_baseline_deg": 57.29577951308232,
  "mean_all_deg": [
    50.3183815303377,
    50.28407518392066,
    50.156488688982655,
    49.85859315759464,
    49.50089597142222,
    49.02345817108939,
    48.65967853958061,
    48.78895490017578,
    49.62480734369418
  ],
  "mean_A_deg": [
    38.147009172365415,
    37.31041221028794,
    36.57400480727089,
    34.67397100721665,
    33.57648978502511,
    33.20953353942569,
    34.596162548574654,
    36.24416658931052,
    38.261129414142715
  ],
  "mean_J_deg": [
    50.19185835779399,
    50.348702619449966,
    50.651034883979555,
    50.21445910882597,
    49.630267123940655,
    49.49441912480652,
    49.30022338003145,
    49.67275694946972,
    50.32189559677228
  ],
  "mean_all_phi_deg": [
    50.3183815303377,
    50.28407518392066,
    50.156488688982655,
    49.85859315759464,
    49.50089597142222,
    49.02345817108939,
    48.65967853958061,
    48.78895490017578,
    49.62480734369418
  ],
  "mean_A_phi_deg": [
    38.147009172365415,
    37.31041221028794,
    36.57400480727089,
    34.67397100721665,
    33.57648978502511,
    33.20953353942569,
    34.596162548574654,
    36.24416658931052,
    38.261129414142715
  ],
  "mean_J_phi_deg": [
    50.19185835779399,
    50.348702619449966,
    50.651034883979555,
    50.21445910882597,
    49.630267123940655,
    49.49441912480652,
    49.30022338003145,
    49.67275694946972,
    50.32189559677228
  ],
  "pearson_c": [
    [
      1.0,
      0.6946672641109634,
      0.5263997532282926,
      0.37559067282190073,
      0.2933873258001032,
      0.24372219224614514,
      0.17344582741481449,
      0.14452013203800723,
      0.13345591209263608
    ],
    [
      0.6946672641109634,
      1.0,
      0.7225017170975117,
      0.4707864040425697,
      0.3591304920960543,
      0.29347388333015817,
      0.20778491063412113,
      0.1701185280185496,
      0.15464883993531514
    ],
    [
      0.5263997532282925,
      0.7225017170975117,
      1.0,
      0.5931097081502833,
      0.4333185476460842,
      0.34395272665866855,
      0.2371257596991635,
      0.18821080321697464,
      0.16878890823628573
    ],
    [
      0.37559067282190073,
      0.47078640404256966,
      0.5931097081502833,
      1.0,
      0.6244707480716165,
      0.4587180074717958,
      0.3013389530674492,
      0.23112861724860417,
      0.19920111818585418
    ],
    [
      0.2933873258001032,
      0.3591304920960543,
      0.4333185476460842,
      0.6244707480716165,
      1.0,
      0.6366731808519746,
      0.3760644820114252,
      0.274779889188653,
      0.2183731335265553
    ],
    [
      0.24372219224614514,
      0.29347388333015817,
      0.34395272665866855,
      0.4587180074717958,
      0.6366731808519746,
      1.0,
      0.48505449799989386,
      0.3282835141347833,
      0.24868438833710257
    ],
    [
      0.1734458274148145,
      0.20778491063412113,
      0.2371257596991635,
      0.3013389530674492,
      0.3760644820114252,
      0.4850544979998938,
      1.0,
      0.5061218926379236,
      0.3431523046271984
    ],
    [
      0.14452013203800723,
      0.1701185280185496,
      0.18821080321697461,
      0.23112861724860415,
      0.274779889188653,
      0.3282835141347833,
      0.5061218926379236,
      1.0,
      0.5037829436606203
    ],
    [
      0.13345591209263608,
      0.15464883993531514,
      0.1687889082362857,
      0.19920111818585415,
      0.21837313352655532,
      0.2486843883371026,
      0.3431523046271984,
      0.5037829436606203,
      1.0
    ]
  ],
  "pearson_s": [
    [
      1.0,
      0.5079842637243491,
      0.31336464931163355,
      0.16302119350102068,
      0.09727236147151345,
      0.05610804876330006,
      0.010183281000192938,
      0.0010986883225605312,
      -0.0006340460956757066
    ],
    [
      0.507984263724349,
      1.0,
      0.5398231318899587,
      0.24816113201341772,
      0.1418722101531277,
      0.08732100263659028,
      0.028444325360132628,
      0.007790547534509146,
      0.002918879696354434
    ],
    [
      0.31336464931163355,
      0.5398231318899588,
      0.9999999999999999,
      0.36954985767508786,
      0.20211584820479542,
      0.1264497548561328,
      0.04388193837846687,
      0.019062528663597818,
      0.010045158385757211
    ],
    [
      0.16302119350102068,
      0.24816113201341772,
      0.36954985767508786,
      1.0,
      0.40279651987375026,
      0.23180279399195228,
      0.09511650410875727,
      0.045315445282694156,
      0.03287356749887251
    ],
    [
      0.09727236147151347,
      0.1418722101531277,
      0.2021158482047954,
      0.40279651987375026,
      1.0,
      0.4151595003612672,
      0.1582312904365792,
      0.0802747745952267,
      0.048702950817840734
    ],
    [
      0.05610804876330006,
      0.08732100263659028,
      0.1264497548561328,
      0.23180279399195228,
      0.41515950036126714,
      1.0,
      0.24884819655222365,
      0.12315281368057648,
      0.06641000995172408
    ],
    [
      0.010183281000192938,
      0.02844432536013263,
      0.04388193837846687,
      0.09511650410875729,
      0.1582312904365792,
      0.24884819655222365,
      1.0,
      0.26590477190633643,
      0.12656889990332035
    ],
    [
      0.0010986883225605304,
      0.007790547534509146,
      0.019062528663597818,
      0.045315445282694156,
      0.0802747745952267,
      0.12315281368057648,
      0.26590477190633643,
      0.9999999999999999,
      0.26041147114290575
    ],
    [
      -0.0006340460956757066,
      0.002918879696354433,
      0.010045158385757211,
      0.03287356749887251,
      0.048702950817840734,
      0.06641000995172405,
      0.12656889990332032,
      0.2604114711429058,
      1.0
    ]
  ],