{
  "cube": {
    "tag": "C15_t0118",
    "t": 118,
    "x": [
      1,
      320
    ],
    "y": [
      321,
      640
    ],
    "z": [
      641,
      960
    ]
  },
  "raw_files": {
    "velocity": "/home/idies/workspace/Storage/elenceq/mhd_work/jhtdb_mhd1024/raw/mhd1024_velocity_t0118_x1-320_y321-640_z641-960.npy",
    "magneticfield": "/home/idies/workspace/Storage/elenceq/mhd_work/jhtdb_mhd1024/raw/mhd1024_magneticfield_t0118_x1-320_y321-640_z641-960.npy"
  },
  "scales": [
    32,
    40,
    48,
    64,
    80,
    96,
    128,
    160,
    192
  ],
  "phis": [
    0.0,
    0.39269908169872414,
    0.7853981633974483,
    1.1780972450961724,
    1.5707963267948966,
    1.9634954084936207,
    2.356194490192345,
    2.748893571891069
  ],
  "top_fraction": 0.1,
  "surrogate_n_bins": 10,
  "n_sample_common_per_phi": 30000,
  "random_unsigned_3d_baseline_deg": 57.29577951308232,
  "mean_all_deg": [
    49.77325468239841,
    49.82205781340961,
    49.906966355918144,
    49.97901001400868,
    49.89972018300479,
    49.95189640587924,
    50.33592292231889,
    50.67315084650096,
    50.887764967266584
  ],
  "mean_A_deg": [
    36.30359144499868,
    36.17547443805282,
    35.54499629886809,
    35.73951337853648,
    36.34360693907437,
    36.671155127344555,
    38.65433168683319,
    41.318290839255624,
    41.623490779648726
  ],
  "mean_J_deg": [
    49.651444916285456,
    49.74258083171979,
    49.861890422409125,
    50.23753839579046,
    50.26343237039134,
    50.49068078247129,
    51.01847223969174,
    50.97272409950531,
    51.14390431202223
  ],
  "mean_all_phi_deg": [
    49.77325468239841,
    49.82205781340961,
    49.906966355918144,
    49.97901001400868,
    49.89972018300479,
    49.95189640587924,
    50.33592292231889,
    50.67315084650096,
    50.887764967266584
  ],
  "mean_A_phi_deg": [
    36.30359144499868,
    36.17547443805282,
    35.54499629886809,
    35.73951337853648,
    36.34360693907437,
    36.671155127344555,
    38.65433168683319,
    41.318290839255624,
    41.623490779648726
  ],
  "mean_J_phi_deg": [
    49.651444916285456,
    49.74258083171979,
    49.861890422409125,
    50.23753839579046,
    50.26343237039134,
    50.49068078247129,
    51.01847223969174,
    50.97272409950531,
    51.14390431202223
  ],
  "pearson_c": [
    [
      1.0,
      0.6706757578693685,
      0.49084982784879294,
      0.3431860526945141,
      0.2755499402938566,
      0.24044550527190384,
      0.19441933783689722,
      0.170654179939422,
      0.1539086903847634
    ],
    [
      0.6706757578693685,
      1.0,
      0.6993293836285543,
      0.43883148665932636,
      0.33980225156984456,
      0.2921048446989978,
      0.22799833052159943,
      0.19352551061561413,
      0.16904705744268975
    ],
    [
      0.49084982784879294,
      0.6993293836285545,
      1.0,
      0.5580133240043887,
      0.40414618039601347,
      0.33870920429004203,
      0.25663206201210675,
      0.21440902294419864,
      0.18181186733418125
    ],
    [
      0.3431860526945141,
      0.4388314866593264,
      0.5580133240043887,
      1.0,
      0.5943168922908799,
      0.4494076452099661,
      0.3206891413340735,
      0.24797028875284974,
      0.2069371674263895
    ],
    [
      0.2755499402938566,
      0.33980225156984456,
      0.4041461803960135,
      0.59431689229088,
      1.0,
      0.622592211779371,
      0.39789807103338526,
      0.2917879514125329,
      0.23266604346855024
    ],
    [
      0.24044550527190384,
      0.2921048446989978,
      0.33870920429004203,
      0.44940764520996607,
      0.622592211779371,
      1.0,
      0.49536030626161326,
      0.34794928986130574,
      0.26652583134677144
    ],
    [
      0.19441933783689722,
      0.22799833052159946,
      0.25663206201210675,
      0.3206891413340735,
      0.39789807103338526,
      0.49536030626161326,
      1.0,
      0.5009781545467455,
      0.3435120967971685
    ],
    [
      0.17065417993942203,
      0.19352551061561418,
      0.2144090229441986,
      0.2479702887528497,
      0.2917879514125329,
      0.3479492898613057,
      0.5009781545467455,
      1.0,
      0.4974181078205888
    ],
    [
      0.1539086903847634,
      0.16904705744268975,
      0.18181186733418125,
      0.2069371674263895,
      0.23266604346855027,
      0.26652583134677144,
      0.34351209679716843,
      0.4974181078205889,
      1.0
    ]
  ],
  "pearson_s": [
    [
      1.0,
      0.4995967009819818,
      0.30564545538472077,
      0.17310939273648981,
      0.11274673543273932,
      0.08220596309138585,
      0.04891480525651657,
      0.028845540231068674,
      0.027893362871891123
    ],
    [
      0.4995967009819818,
      1.0,
      0.5247076018263893,
      0.24406150252430145,
      0.1525425360834627,
      0.11016100102478807,
      0.06401392132786725,
      0.039976271796783945,
      0.027188711691130185
    ],
    [
      0.30564545538472077,
      0.5247076018263893,
      1.0,
      0.35305358314227436,
      0.19964688592543645,
      0.14668175671913009,
      0.07911149991312447,
      0.050494146114867744,
      0.031183684119571526
    ],
    [
      0.1731093927364898,
      0.24406150252430145,
      0.35305358314227436,
      1.0,
      0.3713294994346882,
      0.22164063984060475,
      0.10996362368046358,
      0.06682989780410808,
      0.04640276209387309
    ],
    [
      0.11274673543273932,
      0.15254253608346272,
      0.19964688592543645,
      0.3713294994346882,
      1.0,
      0.3898487744873829,
      0.16616187597593188,
      0.09063219151994173,
      0.06264619482986557
    ],
    [
      0.08220596309138585,
      0.11016100102478807,
      0.14668175671913009,
      0.22164063984060475,
      0.3898487744873829,
      1.0,
      0.24330232679519814,
      0.12098959161632243,
      0.07036661776788626
    ],
    [
      0.04891480525651657,
      0.06401392132786725,
      0.07911149991312447,
      0.10996362368046358,
      0.16616187597593188,
      0.24330232679519814,
      1.0,
      0.24853275091157134,
      0.11357921524165158
    ],
    [
      0.028845540231068677,
      0.039976271796783945,
      0.050494146114867744,
      0.06682989780410808,
      0.09063219151994174,
      0.12098959161632243,
      0.24853275091157132,
      1.0,
      0.24603656326237122
    ],
    [
      0.027893362871891116,
      0.027188711691130185,
      0.031183684119571526,
      0.04640276209387309,
      0.06264619482986557,
      0.07036661776788626,
      0.11357921524165157,
      0.2460365632623712,
      1.0
    ]
  ],