{
  "cube": {
    "tag": "largecube_t0057_x289-736_y289-736_z289-736",
    "size": 448,
    "time": 57,
    "x": [
      289,
      736
    ],
    "y": [
      289,
      736
    ],
    "z": [
      289,
      736
    ]
  },
  "raw_files": {
    "velocity": "/home/idies/workspace/Storage/elenceq/mhd_work/jhtdb_mhd1024/raw/mhd1024_velocity_t0057_x289-736_y289-736_z289-736.npy",
    "magneticfield": "/home/idies/workspace/Storage/elenceq/mhd_work/jhtdb_mhd1024/raw/mhd1024_magneticfield_t0057_x289-736_y289-736_z289-736.npy"
  },
  "scales": [
    32,
    40,
    48,
    64,
    80,
    96,
    128,
    160,
    192
  ],
  "phis": [
    0.0,
    0.39269908169872414,
    0.7853981633974483,
    1.1780972450961724,
    1.5707963267948966,
    1.9634954084936207,
    2.356194490192345,
    2.748893571891069
  ],
  "top_fraction": 0.1,
  "surrogate_n_bins": 10,
  "n_sample_common_per_phi": 200000,
  "random_unsigned_3d_baseline_deg": 57.29577951308232,
  "mean_all_deg": [
    50.89156478168931,
    51.20799157385609,
    51.44771904168092,
    51.78933015768248,
    51.94495312294338,
    51.97269180990489,
    51.6545251592609,
    50.962146431877066,
    50.22009754387051
  ],
  "mean_A_deg": [
    35.58773538432178,
    36.66926966623333,
    37.77778434434638,
    39.72404628091861,
    41.223447455424754,
    42.04853258619084,
    41.99995888235132,
    39.95857219628461,
    37.880027951303894
  ],
  "mean_J_deg": [
    49.704860481548856,
    50.58790887771538,
    51.2408676852653,
    51.945598082008516,
    52.07077467896964,
    52.08188411543924,
    51.76382190080804,
    51.34718871520964,
    50.80739207128701
  ],
  "mean_all_phi_deg": [
    [
      50.762986243670206,
      51.07043118104298,
      51.321288835175466,
      51.68661904900425,
      51.94458461812726,
      52.21828591962612,
      51.69679374796139,
      50.643068832248495,
      49.88701647853265
    ],
    [
      50.54411519747629,
      50.80368020621273,
      51.04340324659403,
      51.47650134239806,
      51.648648734195866,
      51.69564537609091,
      51.71751380039535,
      51.39671373545262,
      51.00711812169122
    ],
    [
      50.589638178135175,
      50.87782115105522,
      51.11168959823055,
      51.52100834659725,
      51.90755278368678,
      52.251268796948516,
      52.10242878491365,
      51.96002759660833,
      51.6874373548598
    ],
    [
      50.67420916147534,
      51.06383611559777,
      51.329340142396525,
      51.67925161663251,
      52.07702380785831,
      51.89426536034831,
      51.98873702208351,
      51.50173975594436,
      50.691956547950376
    ],
    [
      50.88009506212801,
      51.2746823860444,
      51.54505213445409,
      51.96154954893319,
      51.972359888587114,
      51.83993647949913,
      51.54635043965733,
      50.35251594142042,
      49.01965945675324
    ],
    [
      51.2752226699478,
      51.62900144690994,
      51.83670648298934,
      52.00040896282943,
      51.99560195434546,
      52.00358483711663,
      51.27288788234353,
      50.35032062980492,
      49.22347468017839
    ],
    [
      51.43394986290665,
      51.686559188070866,
      51.90354728453867,
      52.22832233318045,
      51.974093978366085,
      51.74282434963869,
      51.35250137232785,
      50.536763311959895,
      50.09387332156184
    ],
    [
      50.972301877774974,
      51.25792091591484,
      51.49072460906869,
      51.76098006188464,
      52.03975921838022,
      52.13572335997079,
      51.55898822440465,
      50.95602165157751,
      50.15024438943651
    ]
  ],
  "mean_A_phi_deg": [
    [
      34.93252728094871,
      36.03733360572592,
      37.4055059244924,
      39.92814376560141,
      42.35051310729468,
      44.71697583598442,
      45.048369393925775,
      41.9810350493281,
      38.19925971299487
    ],
    [
      33.791752037757526,
      34.452897032721694,
      35.59839476775774,
      37.168050229288625,
      38.744731275118745,
      40.747335484716096,
      44.0155117406334,
      42.7908698698393,
      41.301042840859715
    ],
    [
      33.13928977327403,
      33.61055428579207,
      34.43733834445915,
      36.47860428864812,
      38.45489147755496,
      40.05726478552811,
      42.947530024742676,
      43.282299810293026,
      42.020829822092445
    ],
    [
      33.52980543390447,
      35.01111369035278,
      35.97947180074269,
      37.77268638635535,
      40.141400660153856,
      41.78657434261648,
      42.39800672464498,
      41.298605746103505,
      39.47308169251038
    ],
    [
      35.39997148074854,
      37.070332498962955,
      38.41868562633531,
      40.59271697410242,
      42.468225507370384,
      42.74316386428517,
      41.862155967549725,
      38.0021028169364,
      34.729463387005
    ],
    [
      37.35241150555025,
      38.641148875740775,
      39.51541423544042,
      40.624018187699576,
      41.47999305744294,
      41.491524404457095,
      40.08002483083638,
      37.46374952837364,
      33.55061150180275
    ],
    [
      38.76049304482733,
      39.836192158104176,
      40.91982609209183,
      42.75608222449012,
      42.66724597746462,
      41.55551266501014,
      38.42660217068551,
      35.976532512662395,
      36.32317178387423
    ],
    [
      37.795632517563384,
      38.69458518246629,
      39.94763796345148,
      42.472068191163245,
      43.480578580997836,
      43.28990930692921,
      41.221470205792194,
      38.873382236740504,
      37.44276286929174
    ]
  ],
  "mean_J_phi_deg": [
    [
      49.54774455372442,
      50.605963316186106,
      51.16231856118702,
      51.77802850889059,
      52.242852866761865,
      52.8767026482383,
      52.70204698685856,
      51.657149940749235,
      50.605884065125885
    ],
    [
      48.681928199574934,
      49.75725791710191,
      50.67969956152144,
      51.38470773770418,
      51.367352456885456,
      51.56073955973187,
      51.98023907923585,
      51.69807588691364,
      51.53379029311764
    ],
    [
      48.466369836974295,
      49.37308408617354,
      50.20040698952573,
      51.64701562079538,
      52.1254483368339,
      51.96707623835902,
      51.809213384274294,
      52.22925101209699,
      52.040937109596584
    ],
    [
      48.90532690713724,
      49.9048711531099,
      50.806397786147386,
      51.3176276024112,
      51.71796221693734,
      51.78051370763016,
      51.87842646488013,
      51.49311264301324,
      50.44431729712787
    ],
    [
      49.487691164985804,
      50.55859749584975,
      51.30807002258123,
      51.84034033862424,
      51.9763102256634,
      52.03211303214347,
      51.418929187919076,
      50.6027748415872,
      49.94381830872848
    ],
    [
      50.54946907408491,
      51.35470785811685,
      51.80937264756674,
      52.18377890442592,
      52.10247510701062,
      52.16372756772714,
      51.509113118241,
      51.03284170391017,
      50.1494410420831
    ],
    [
      51.19217496085192,
      51.74214099388709,
      52.02778397498875,
      52.66759487423811,
      52.431015688270605,
      51.82508146754551,
      51.24300695330791,
      51.143908940756404,
      50.613701968885785
    ],
    [
      50.80817915505738,
      51.40664820129792,
      51.93289193860414,
      52.74569106897849,
      52.602780533394025,
      52.44911870213844,
      51.56960003174756,
      50.92039475265029,
      51.12724648563081
    ]
  ],